epoch,train loss,val loss,swa
0.0,11.345325016014037,10.380935612779398,n
19.0,3.7594498870834228,4.9705121627984905,y
39.0,3.420767753162692,4.876524691780408,y
59.0,3.109148822099932,5.08209543235791,y
79.0,2.9157278057067626,4.994395873867548,y
99.0,2.817251152184702,5.034824762970973,y
